Title,Author,Post Publication Date,Site Name,Main Image,Post Link
Stones postpone North American tour as Jagger receives medical treatment | Tri-City News,,2019-03-30T03:00:00.000+03:00,tricitynews.com,https://images.glaciermedia.ca/polopoly_fs/1.23775647.1553981914!/fileImage/httpImage/image.jpg_gen/derivatives/facebookogimage_560_292/df997bc6488c4ff39145e6a53547e520-df997bc6488c4ff39145e6a-jpg.jpg,https://www.tricitynews.com/stones-postpone-north-american-tour-as-jagger-receives-medical-treatment-1.23775646
Canadians share uncensored opinions about bad manners | Tri-City News,Mario Canseco,2019-03-28T02:00:00.000+02:00,tricitynews.com,https://images.glaciermedia.ca/polopoly_fs/1.23771171.1553631175!/fileImage/httpImage/image.jpg_gen/derivatives/facebookogimage_560_292/swear-youngid-istock.jpg,https://www.tricitynews.com/canadians-share-uncensored-opinions-about-bad-manners-1.23771169
Raptors' McCaw sidelined for at least three weeks with thumb injury | Tri-City News,,2019-03-30T03:00:00.000+03:00,tricitynews.com,https://images.glaciermedia.ca/polopoly_fs/1.23775640.1553978879!/fileImage/httpImage/image.jpg_gen/derivatives/facebookogimage_560_292/cpt104539289-jpg.jpg,https://www.tricitynews.com/raptors-mccaw-sidelined-for-at-least-three-weeks-with-thumb-injury-1.23775607
Credit union liquidated as manager charged with embezzlement | Tri-City News,,2019-03-29T03:00:00.000+03:00,tricitynews.com,https://images.glaciermedia.ca/polopoly_fs/1.23775445.1553917251!/fileImage/httpImage/image.jpg_gen/derivatives/facebookogimage_560_292/la506-510-2017-210103-jpg.jpg,https://www.tricitynews.com/credit-union-liquidated-as-manager-charged-with-embezzlement-1.23775418
Pet safety a worry as coyote pup season gets under way | Tri-City News,,2019-03-29T03:00:00.000+03:00,tricitynews.com,https://images.glaciermedia.ca/polopoly_fs/1.23774777.1553880037!/fileImage/httpImage/image.jpg_gen/derivatives/facebookogimage_560_292/coyotes.jpg,https://www.tricitynews.com/news/pet-safety-a-worry-as-coyote-pup-season-gets-under-way-1.23774776
Last trivia night at the Fox library | Tri-City News,Janis Cleugh,2019-03-26T02:00:00.000+02:00,tricitynews.com,https://images.glaciermedia.ca/polopoly_fs/1.23768587.1553299386!/fileImage/httpImage/image.jpg_gen/derivatives/facebookogimage_560_292/friends.jpg,https://www.tricitynews.com/entertainment/last-trivia-night-at-the-fox-library-1.23768583
No link identified between stabbing victim and suspect in Nanaimo: RCMP | Tri-City News,,2019-03-29T03:00:00.000+03:00,tricitynews.com,https://www.tricitynews.com/polopoly_fs/1.23574109.1546537222!/fileImage/httpImage/tcnlogofblogo200.jpg,https://www.tricitynews.com/no-link-identified-between-stabbing-victim-and-suspect-in-nanaimo-rcmp-1.23774554
Smoak's two-run blast lifts Blue Jays over Tigers; Cabrera suffers contusion | Tri-City News,John Chidley-Hill,2019-03-30T03:00:00.000+03:00,tricitynews.com,https://images.glaciermedia.ca/polopoly_fs/1.23775701.1553984175!/fileImage/httpImage/image.jpg_gen/derivatives/facebookogimage_560_292/fng510539286-jpg.jpg,https://www.tricitynews.com/smoak-s-two-run-blast-lifts-blue-jays-over-tigers-cabrera-suffers-contusion-1.23775700
Hundreds Participate In Fight For Air Climb Supporting American Lung Association,CBS Pittsburgh,2019-03-31T01:48:00.000+03:00,cbslocal.com,https://cbspittsburgh.files.wordpress.com/2019/03/stair_climb_2019.jpg?w=1024,https://pittsburgh.cbslocal.com/2019/03/30/hundreds-participate-in-fight-for-air-climb/
Cities around the world turn off lights to mark Earth Hour | Tri-City News,,2019-03-30T03:00:00.000+03:00,tricitynews.com,https://images.glaciermedia.ca/polopoly_fs/1.23775702.1553984940!/fileImage/httpImage/image.jpg_gen/derivatives/facebookogimage_560_292/xbm101-330-2019-122850-jpg.jpg,https://www.tricitynews.com/cities-around-the-world-turn-off-lights-to-mark-earth-hour-1.23775560
"Canadian Press editor-in-chief to leave news service April 26, cites personal reasons | Tri-City News",,2019-03-29T03:00:00.000+03:00,tricitynews.com,https://images.glaciermedia.ca/polopoly_fs/1.23775041.1553890036!/fileImage/httpImage/image.jpg_gen/derivatives/facebookogimage_292_560/cpt127539193-jpg.jpg,https://www.tricitynews.com/canadian-press-editor-in-chief-to-leave-news-service-april-26-cites-personal-reasons-1.23775022
Canadian government asking for applications for various ‘Wizardry Positions’ right now | Tri-City News,Elana Shepert,2019-03-29T03:00:00.000+03:00,tricitynews.com,https://images.glaciermedia.ca/polopoly_fs/1.23775013.1553888428!/fileImage/httpImage/image.jpg_gen/derivatives/facebookogimage_560_292/harry-potter.jpg,https://www.tricitynews.com/news/canadian-government-asking-for-applications-for-various-wizardry-positions-right-now-1.23775009
Two Alarm Fire Engulfs Sam’s Auto Repair In Pulaski Township,CBS Pittsburgh,2019-03-31T01:45:00.000+03:00,cbslocal.com,https://cbspittsburgh.files.wordpress.com/2016/01/emergencygenericfiretruckambulance.jpg?w=1024,https://pittsburgh.cbslocal.com/2019/03/30/two-alarm-fire-pulaski-township/
Harvick no plan for 2020 Fox TV booth if Waltrip retires | Tri-City News,,2019-03-29T03:00:00.000+03:00,tricitynews.com,https://images.glaciermedia.ca/polopoly_fs/1.23775328.1553903343!/fileImage/httpImage/image.jpg_gen/derivatives/facebookogimage_292_560/tms114-329-2019-125836-jpg.jpg,https://www.tricitynews.com/harvick-no-plan-for-2020-fox-tv-booth-if-waltrip-retires-1.23775285
OSU! b20190426.2 (Updated 26.03.2018),Softpedia Games,2019-03-26T14:09:00.000+02:00,softpedia.com,https://games-cdn.softpedia.com/screenshots/OSU_1.jpg,https://games.softpedia.com/get/Online-Games-Clients/OSU.shtml
Planned service disruptions averted: Legal-aid deal reached in B.C. | Tri-City News,,2019-03-29T03:00:00.000+03:00,tricitynews.com,https://images.glaciermedia.ca/polopoly_fs/1.23774809.1553881083!/fileImage/httpImage/image.jpg_gen/derivatives/facebookogimage_560_292/cpt121539139-jpg.jpg,https://www.tricitynews.com/planned-service-disruptions-averted-legal-aid-deal-reached-in-b-c-1.23774808
Man and woman dead after hostage situation and police-involved shooting in Surrey | Tri-City News,,2019-03-29T03:00:00.000+03:00,tricitynews.com,https://images.glaciermedia.ca/polopoly_fs/1.117165.1536125548!/fileImage/httpImage/image.jpg_gen/derivatives/facebookogimage_560_292/photo-police-lights-generic.jpg,https://www.tricitynews.com/man-and-woman-dead-after-hostage-situation-and-police-involved-shooting-in-surrey-1.23774860
"All-American music program for Pappas, Ma | Tri-City News",Janis Cleugh,2019-03-27T02:00:00.000+02:00,tricitynews.com,https://images.glaciermedia.ca/polopoly_fs/1.23768146.1553280042!/fileImage/httpImage/image.jpg_gen/derivatives/facebookogimage_560_292/soprano-lambroula-pappas.jpg,https://www.tricitynews.com/entertainment/all-american-music-program-for-pappas-ma-1.23768143
Rugby teaches many lessons for Riverside girls | Tri-City News,Mario Bartel,2019-03-27T02:00:00.000+02:00,tricitynews.com,https://images.glaciermedia.ca/polopoly_fs/1.23772215.1553711728!/fileImage/httpImage/image.jpg_gen/derivatives/facebookogimage_560_292/riverside-rugby.jpg,https://www.tricitynews.com/sports/rugby-teaches-many-lessons-for-riverside-girls-1.23772209
There's no place like home | Tri-City News,Janis Cleugh,2019-03-26T02:00:00.000+02:00,tricitynews.com,https://images.glaciermedia.ca/polopoly_fs/1.23768046.1553276958!/fileImage/httpImage/image.jpg_gen/derivatives/facebookogimage_560_292/tilted.jpg,https://www.tricitynews.com/entertainment/there-s-no-place-like-home-1.23768042
Black Survival 6.0.0.3,Softpedia Games,2019-03-26T14:08:00.000+02:00,softpedia.com,https://games-cdn.softpedia.com/screenshots/Black-Survival_3.jpg,https://games.softpedia.com/get/Online-Games-Clients/Black-Survival.shtml
No winning ticket for Friday night's $50 million Lotto Max jackpot | Tri-City News,,2019-03-30T03:00:00.000+03:00,tricitynews.com,https://www.tricitynews.com/polopoly_fs/1.23574109.1546537222!/fileImage/httpImage/tcnlogofblogo200.jpg,https://www.tricitynews.com/no-winning-ticket-for-friday-night-s-50-million-lotto-max-jackpot-1.23775522
‘Freezin’ for a reason’ in Canandaigua,Melody Burri,2019-03-31T00:30:00.000+03:00,mpnnow.com,https://www.mpnnow.com/storyimage/NU/20190330/NEWS/190339982/AR/0/AR-190339982.jpg,https://www.mpnnow.com/news/20190330/freezin-for-reason-in-canandaigua
PoCo Biz Alley open for business | Tri-City News,Staff Writer,2019-03-28T02:00:00.000+02:00,tricitynews.com,https://images.glaciermedia.ca/polopoly_fs/1.23771435.1553640424!/fileImage/httpImage/image.jpg_gen/derivatives/facebookogimage_560_292/poco-city-hall.jpg,https://www.tricitynews.com/community/poco-biz-alley-open-for-business-1.23771433
Battlerite Online Client 2.0.2,Softpedia Games,2019-03-26T14:05:00.000+02:00,softpedia.com,https://games-cdn.softpedia.com/screenshots/Battlerite_1.jpg,https://games.softpedia.com/get/free-to-play/Battlerite.shtml
Jonathan McReynolds wins big at Stellar Gospel Music Awards | Tri-City News,,2019-03-30T03:00:00.000+03:00,tricitynews.com,https://images.glaciermedia.ca/polopoly_fs/1.23775621.1553974200!/fileImage/httpImage/image.jpg_gen/derivatives/facebookogimage_560_292/ny116-1011-2016-213659-jpg.jpg,https://www.tricitynews.com/jonathan-mcreynolds-wins-big-at-stellar-gospel-music-awards-1.23775620
Hostless Canadian Screen Awards to air Sunday | Tri-City News,Victoria Ahearn,2019-03-29T03:00:00.000+03:00,tricitynews.com,https://images.glaciermedia.ca/polopoly_fs/1.23774826.1553882083!/fileImage/httpImage/image.jpg_gen/derivatives/facebookogimage_560_292/cpt119539136-jpg.jpg,https://www.tricitynews.com/hostless-canadian-screen-awards-to-air-sunday-1.23774825
"Why shouldn't Modi get credit for Balakot strike, asks Rajnath Singh",PTI,2019-03-30T22:38:00.000+03:00,deccanchronicle.com,https://s3.ap-southeast-1.amazonaws.com/images.deccanchronicle.com/dc-Cover-acmhtol3f94etm1qctu3aa8se5-20181201002154.Medi.jpeg,http://www.deccanchronicle.com/nation/politics/300319/why-shouldnt-modi-get-credit-for-balakot-strike-asks-rajnath-singh.html
How a comedian could become Ukraine's next president [Video],CBC,2019-03-30T10:20:00.000+03:00,yahoo.com,https://s.yimg.com/uu/api/res/1.2/1poVdSSENqfEo9VEkhoWlA--~B/aD0xMDgwO3c9MTkyMDtzbT0xO2FwcGlkPXl0YWNoeW9u/http://media.zenfs.com/en-CA/video/cbc_videos_73/c6c8f39939f27f8340c11458052b9dd1,https://ca.news.yahoo.com/comedian-could-become-ukraines-next-022032157.html
Coquitlam swimmers make splash for Hyacks | Tri-City News,Dan Olson,2019-03-26T02:00:00.000+02:00,tricitynews.com,https://images.glaciermedia.ca/polopoly_fs/1.23771189.1553631998!/fileImage/httpImage/image.jpg_gen/derivatives/facebookogimage_560_292/hyack-swimmers.jpg,https://www.tricitynews.com/sports/coquitlam-swimmers-make-splash-for-hyacks-1.23771187
Space to grow your family in blooming West Coquitlam | Tri-City News,,2019-03-28T02:00:00.000+02:00,tricitynews.com,https://images.glaciermedia.ca/polopoly_fs/1.23772675.1553729279!/fileImage/httpImage/image.jpg_gen/derivatives/facebookogimage_560_292/oaks-exterior-hero.jpg,https://www.tricitynews.com/real-estate/space-to-grow-your-family-in-blooming-west-coquitlam-1.23772671
FOR SALE - Cozy Covington Living,,2019-03-31T02:02:00.000+03:00,propgoluxury.com,https://az592774.vo.msecnd.net/pgl-release/Images/LuxuryImages/2420330/IMG_4b32652f-ab10-498e-a4f4-fb5d5a42f80e.jpg,https://www.propgoluxury.com/en/homes/2420330/covington-property-for-rent/cozy-covington-living
The Latest: Rockets fired from Gaza into Israel,,2019-03-30T15:11:00.000+03:00,news12.com,https://images.worldnow.com/ap/images/18262107_G.jpg?lastEditedDate=20190330081108,http://hudsonvalley.news12.com/story/40223116/the-latest-rockets-fired-from-gaza-into-israel
World of Warcraft Addon - Handy Notes 1.5.5,Softpedia Games,2019-03-26T01:32:00.000+02:00,softpedia.com,https://games-cdn.softpedia.com/screenshots/World-of-Warcraft-Addon-HandyNotes_1.jpg,https://games.softpedia.com/get/Mods-Addons/World-of-Warcraft-Addon-HandyNotes.shtml
(No heading),Mark Schulert chelmsford@wickedlocal.com,2019-03-30T20:58:00.000+03:00,wickedlocal.com,https://chelmsford.wickedlocal.com/storyimage/WL/20190330/NEWS/190339819/AR/0/AR-190339819.jpg,https://chelmsford.wickedlocal.com/news/20190330/no-title/1
Asphalt 9: Legends 1.4.300.2,Softpedia Games,2019-03-26T00:24:00.000+02:00,softpedia.com,https://games-cdn.softpedia.com/screenshots/Asphalt-9-Legends_2.jpg,https://games.softpedia.com/get/Online-Games-Clients/Asphalt-9-Legends.shtml
Tribunal to settle some auto injury disputes in British Columbia | Tri-City News,,2019-03-29T03:00:00.000+03:00,tricitynews.com,https://www.tricitynews.com/polopoly_fs/1.23574109.1546537222!/fileImage/httpImage/tcnlogofblogo200.jpg,https://www.tricitynews.com/tribunal-to-settle-some-auto-injury-disputes-in-british-columbia-1.23775017
The Latest: Gonzaga leads Texas Tech 37-35 at halftime,,2019-03-31T00:11:00.000+03:00,news12.com,https://images.worldnow.com/ap/images/18262731_G.jpg?lastEditedDate=20190330171128,http://hudsonvalley.news12.com/story/40224281/the-latest-gonzaga-leads-texas-tech-37-35-at-halftime
Offense Powers Cougars to Home Win,,2019-03-30T07:00:00.000+03:00,geneseeathletics.com,http://geneseecc.prestosports.com/sports/mlax/2018-19/IMG_0669.JPG?max_width=600&max_height=600,http://geneseeathletics.com/sports/mlax/2018-19/releases/20190330qjstb3
Canada ranks 18th in the world for visa-free access for citizens | Tri-City News,Glen Korstrom,2019-03-30T03:00:00.000+03:00,tricitynews.com,https://images.glaciermedia.ca/polopoly_fs/1.23775296.1553902825!/fileImage/httpImage/image.jpg_gen/derivatives/facebookogimage_560_292/visa.jpg,https://www.tricitynews.com/news/canada-ranks-18th-in-the-world-for-visa-free-access-for-citizens-1.23775292
Sword Art Online: Alicization Lycoris Video Game Announced,,2019-03-30T03:00:00.000+03:00,theouterhaven.net,https://www.theouterhaven.net/wp-content/uploads/2019/03/sao-alicization-lycoris-2100x1200.png,https://www.theouterhaven.net/2019/03/sword-art-online-alicization-lycoris-video-game-announced/
Province announces $7.9 million to develop legal aid framework | Tri-City News,Jeremy Hainsworth,2019-03-29T03:00:00.000+03:00,tricitynews.com,https://images.glaciermedia.ca/polopoly_fs/1.23775092.1553891901!/fileImage/httpImage/image.jpg_gen/derivatives/facebookogimage_560_292/legal-aid-kokkai-istock.jpg,https://www.tricitynews.com/province-announces-7-9-million-to-develop-legal-aid-framework-1.23775085
Conservative congress on family sharply divides Italy,,2019-03-31T00:01:00.000+03:00,news12.com,https://images.worldnow.com/ap/images/18262704_G.jpg?lastEditedDate=20190330170130,http://hudsonvalley.news12.com/story/40224244/conservative-congress-on-family-sharply-divides-italy
CrossCraze 3.37,Softpedia Games,2019-03-25T14:49:00.000+02:00,softpedia.com,https://games-cdn.softpedia.com/screenshots/CrossCraze-d_1.jpg,https://games.softpedia.com/get/Shareware-Games/CrossCraze-d.shtml
This map shows which Metro Vancouver communities have the biggest average real estate deals | Tri-City News,Albert Van Santvoort,2019-03-29T03:00:00.000+03:00,tricitynews.com,https://images.glaciermedia.ca/polopoly_fs/1.23775005.1553888152!/fileImage/httpImage/image.png_gen/derivatives/facebookogimage_560_292/map-of-average-bc-real-estate-values.png,https://www.tricitynews.com/news/this-map-shows-which-metro-vancouver-communities-have-the-biggest-average-real-estate-deals-1.23774655
Liam Neeson apologizes again for past racist thoughts | Tri-City News,,2019-03-29T03:00:00.000+03:00,tricitynews.com,https://images.glaciermedia.ca/polopoly_fs/1.23775104.1553893109!/fileImage/httpImage/image.jpg_gen/derivatives/facebookogimage_560_292/nyet522-104-2018-215119-jpg.jpg,https://www.tricitynews.com/liam-neeson-apologizes-again-for-past-racist-thoughts-1.23775103
"Why breaded chicken makes so many people sick, and what's being done about it",CBC,2019-03-30T17:00:00.000+03:00,yahoo.com,https://s.yimg.com/uu/api/res/1.2/7vi4iG7KTMFowKvIlb8VNg--~B/aD00NDc7dz02MjA7c209MTthcHBpZD15dGFjaHlvbg--/http://media.zenfs.com/en-CA/homerun/cbc.ca/395a5534ebeca7f770a0935acfea7ea9,https://ca.news.yahoo.com/why-breaded-chicken-makes-many-090000063.html
Clarksville Parks and Recreation to host Homesteading Classes : Discover Clarksville TN,,2019-03-30T03:00:00.000+03:00,discoverclarksville.com,http://www.clarksvilleonline.com/wp-content/uploads/2019/03/Seen-Bomb-480x320.jpg,http://www.discoverclarksville.com/articles/2019/03/30/clarksville-parks-and-recreation-to-host-homesteading-classes/
Video: Chef Samuelsson’s 2nd Chef Competition,Bernews2,2019-03-31T02:30:00.000+03:00,bernews.com,http://cloudfront.bernews.com/wp-content/uploads/2019/03/Chef-Marcus-Samuelsson-2nd-Chef-Competition-Bermuda-March-30-2019-6693.jpg,http://bernews.com/2019/03/video-chef-samuelssons-2nd-chef-competition/
Knife 2 Meat U 04 Alpha,Softpedia Games,2019-03-25T11:22:00.000+02:00,softpedia.com,https://games-cdn.softpedia.com/screenshots/Knife_1.jpg,https://games.softpedia.com/get/Freeware-Games/Knife.shtml
The Latest: Sharpton defends prosecutor in Smollett case | Tri-City News,,2019-03-30T03:00:00.000+03:00,tricitynews.com,https://www.tricitynews.com/polopoly_fs/1.23574109.1546537222!/fileImage/httpImage/tcnlogofblogo200.jpg,https://www.tricitynews.com/the-latest-sharpton-defends-prosecutor-in-smollett-case-1.23775674
"kuwait live news ,kuwait news, Kuwait daily news, Kuwait live news, Kuwait today news, Kuwait political news, Kuwait economy news, Kuwait local news, اخبار الكويت اهم واخر اخبار الكويت اخر اخبار الكويت الكويت الكترونية الكويتية الجريدة",,2019-03-30T03:00:00.000+03:00,kuwaitlivenews.com,https://kuwaitlivenews.com/En/wp-content/uploads/2019/03/19353/libya-holds-municipal-elections-in-first-vote-for-five-years.jpg,https://kuwaitlivenews.com/En/2019/03/30/libya-holds-municipal-elections-in-first-vote-for-five-years/
Ricochet 24.03.2019,Softpedia Games,2019-03-25T10:19:00.000+02:00,softpedia.com,https://games-cdn.softpedia.com/screenshots/Ricochet_2.jpg,https://games.softpedia.com/get/Freeware-Games/Ricochet.shtml
Minnesota’s Muslim AG may get opportunity to enforce Islamic blasphemy laws on ‘remnant of patriots’ – LeoHohmann.com,Author Leohohmann,2019-03-30T03:00:00.000+03:00,leohohmann.com,https://leohohmann.files.wordpress.com/2019/03/keith-ellison.jpg,https://leohohmann.com/2019/03/30/minnesotas-muslim-ag-may-get-opportunity-to-enforce-islamic-blasphemy-laws-on-remnant-of-patriots/
Putting up a fight for renters the Port Coquitlam way | Tri-City News,Diane Strandberg,2019-03-28T02:00:00.000+02:00,tricitynews.com,https://images.glaciermedia.ca/polopoly_fs/1.23772607.1553725470!/fileImage/httpImage/image.jpg_gen/derivatives/facebookogimage_560_292/poco-renovictions.jpg,https://www.tricitynews.com/opinion/columns/putting-up-a-fight-for-renters-the-port-coquitlam-way-1.23772590
"Hyundai finds new engine problem, prompting another recall | Tri-City News",Tom Krisher,2019-03-29T03:00:00.000+03:00,tricitynews.com,https://images.glaciermedia.ca/polopoly_fs/1.23775235.1553898532!/fileImage/httpImage/image.jpg_gen/derivatives/facebookogimage_560_292/nybz544-328-2019-020532-jpg.jpg,https://www.tricitynews.com/hyundai-finds-new-engine-problem-prompting-another-recall-1.23775234
Editorial: HandyDART customers deserve better transit | Tri-City News,,2019-03-25T02:00:00.000+02:00,tricitynews.com,https://images.glaciermedia.ca/polopoly_fs/1.23770221.1553553499!/fileImage/httpImage/image.jpg_gen/derivatives/facebookogimage_560_292/handydart-editorial.jpg,https://www.tricitynews.com/opinion/editorial/editorial-handydart-customers-deserve-better-transit-1.23770216
We really love to spit in public in B.C. and other truths about Canadian manners | Tri-City News,Mario Canseco,2019-03-30T03:00:00.000+03:00,tricitynews.com,https://images.glaciermedia.ca/polopoly_fs/1.23775259.1553899363!/fileImage/httpImage/image.jpg_gen/derivatives/facebookogimage_560_292/man-spitting.jpg,https://www.tricitynews.com/news/we-really-love-to-spit-in-public-in-b-c-and-other-truths-about-canadian-manners-1.23775257
7 unidentified human remains mapped across the Tri-Cities | Tri-City News,Stefan Labb,2019-03-29T03:00:00.000+03:00,tricitynews.com,https://images.glaciermedia.ca/polopoly_fs/1.23775187.1553896085!/fileImage/httpImage/image.jpeg_gen/derivatives/facebookogimage_560_292/a-sketch-of-an-unidentified-man-whose-remains-were-found-in-1998-near-greenmount-park-coquitlam.jpeg,https://www.tricitynews.com/news/7-unidentified-human-remains-mapped-across-the-tri-cities-1.23775178
"Investors hail Lyft shares in IPO, see profits down the road | Tri-City News",Cathy Bussewitz And Michael Liedtke,2019-03-29T03:00:00.000+03:00,tricitynews.com,https://www.tricitynews.com/polopoly_fs/1.23574109.1546537222!/fileImage/httpImage/tcnlogofblogo200.jpg,https://www.tricitynews.com/investors-hail-lyft-shares-in-ipo-see-profits-down-the-road-1.23775236
IPL 2019: David Warner looks to continue run riot as Sunrisers host RCB,PTI,2019-03-31T00:26:00.000+03:00,deccanchronicle.com,https://s3.ap-southeast-1.amazonaws.com/images.deccanchronicle.com/dc-Cover-mvhcv3tglmnldhn269gnfhdsu3-20190330162503.Medi.jpeg,http://www.deccanchronicle.com/sports/cricket/300319/indian-premier-league-2019-ipl-sunrisers-hyderabad-david-warner-rcb.html
Office of police complaints commissioner to be examined by outside auditor | Tri-City News,Jeremy Hainsworth,2019-03-28T02:00:00.000+02:00,tricitynews.com,https://images.glaciermedia.ca/polopoly_fs/1.23774269.1553819833!/fileImage/httpImage/image.jpg_gen/derivatives/facebookogimage_560_292/carol-bellringer.jpg,https://www.tricitynews.com/office-of-police-complaints-commissioner-to-be-examined-by-outside-auditor-1.23774266
"After deadly rampage, Resorts World finally turns luck around | Inquirer Business",inquirer.net,2019-03-30T13:30:00.000+03:00,inquirer.net,https://business.inquirer.net/files/2015/04/resorts-1024x338.jpg,https://business.inquirer.net/267631/after-deadly-rampage-resorts-world-finally-turns-luck-around?utm_term=Autofeed&utm_medium=Social&utm_source=Facebook
Hospital fires nurse after women given inappropriate drug to induce labour | Tri-City News,,2019-03-30T03:00:00.000+03:00,tricitynews.com,https://www.tricitynews.com/polopoly_fs/1.23574109.1546537222!/fileImage/httpImage/tcnlogofblogo200.jpg,https://www.tricitynews.com/hospital-fires-nurse-after-women-given-inappropriate-drug-to-induce-labour-1.23775594
Progressives hammer DCCC over blacklist targeting primary challenges,jbowden@thehill.com (John Bowden),2019-03-31T02:15:00.000+03:00,thehill.com,https://thehill.com/sites/default/files/mmt_ocasiocortezalexandria_020719gn5.jpg,https://thehill.com/homenews/house/436592-progressives-hammer-dccc-over-blacklist-targeting-primary-challenges
Twitch 7.5 Build 7019.39269 Live / 8.0.0 Beta,Softpedia Games,2019-03-25T09:02:00.000+02:00,softpedia.com,https://games-cdn.softpedia.com/screenshots/Twitch-Desktop-App_1.jpg,https://games.softpedia.com/get/Tools/Twitch-Desktop-App.shtml
Brexit's jarring toll on a divided nation [Video],CBC,2019-03-30T10:20:00.000+03:00,yahoo.com,https://s.yimg.com/uu/api/res/1.2/aBnRJJO.B_AalBzLz35NVQ--~B/aD0xMDgwO3c9MTkyMDtzbT0xO2FwcGlkPXl0YWNoeW9u/http://media.zenfs.com/en-CA/video/cbc_videos_73/ca0e5cd04f181fe606e2a57de9f05502,https://ca.news.yahoo.com/brexits-jarring-toll-divided-nation-022023248.html
PressTV-3 Palestinians killed as Gazans start 'Great March of Return',,2019-03-30T21:25:00.000+03:00,presstv.com,https://cdn.presstv.com/photo/20190330/8f03a71e-c03a-43d2-8b44-fc32d746f052.jpg,https://www.presstv.com/Detail/2019/03/30/592178/Return-march-gaza-palestine-Israel
"At this Vancouver Art Gallery exhibition, touching the art is encouraged",CBC,2019-03-31T06:39:00.000+03:00,yahoo.com,https://s.yimg.com/uu/api/res/1.2/ZFAhW2m5Ku5qSSa2LNdYVw--~B/aD00NTY7dz02MjA7c209MTthcHBpZD15dGFjaHlvbg--/http://media.zenfs.com/en-CA/homerun/cbc.ca/d71eaf506c600013b8fc3b44feb31a89,https://ca.news.yahoo.com/vancouver-art-gallery-exhibition-touching-223926631.html
The Basics of SSRs (Solid-State Relays): The Switching Device,,2019-03-31T02:33:00.000+03:00,sbwire.com,http://media.releasewire.com/photos/show/?id=172899,http://www.sbwire.com/press-releases/the-basics-of-ssrs-solid-state-relays-the-switching-device-1185009.htm
Download [PDF] South of No North by Charles Bukowski Full Pages,4sahrwiif@slideshare.net(4sahrwiif),2019-03-31T02:33:00.000+03:00,slideshare.net,https://cdn.slidesharecdn.com/ss_thumbnails/download-pdf-south-of-no-north-by-190330233314-thumbnail-4.jpg?cb=1553988823,https://www.slideshare.net/4sahrwiif/download-pdf-south-of-no-north-by-charles-bukowski-full-pages-138885496
6 years imprisonment to Indian priest for child sex abuse in US,PTI,2019-03-30T20:34:00.000+03:00,deccanchronicle.com,https://s3.ap-southeast-1.amazonaws.com/images.deccanchronicle.com/dc-Cover-j4vs3odthhp8g1pv49bd0qd577-20181222060006.Medi.jpeg,http://www.deccanchronicle.com/world/america/300319/6-years-imprisonment-to-indian-priest-for-child-sex-abuse-in-us.html
[PDF] Download Jo's Little Favorites: Timeless Quilts from Scraps and Fat Quarters by Jo Morton [PDF books],bxerosoqo@slideshare.net(bxerosoqo),2019-03-31T02:33:00.000+03:00,slideshare.net,https://cdn.slidesharecdn.com/ss_thumbnails/pdf-download-jo-s-little-favorites-190330233331-thumbnail-4.jpg?cb=1553988838,https://www.slideshare.net/bxerosoqo/pdf-download-jos-little-favorites-timeless-quilts-from-scraps-and-fat-quarters-by-jo-morton-pdf-books-138885517
"Read [PDF] Principles of Project Finance, Second Edition by E. R. Yescombe [Read] online",7debrahy@slideshare.net(7debrahy),2019-03-31T02:33:00.000+03:00,slideshare.net,https://cdn.slidesharecdn.com/ss_thumbnails/read-pdf-principles-of-project-190330233316-thumbnail-4.jpg?cb=1553988826,https://www.slideshare.net/7debrahy/read-pdf-principles-of-project-finance-second-edition-by-e-r-yescombe-read-online-138885498
"[DOWNLOAD] Supply Chain Strategy and Financial Metrics: The Supply Chain Triangle of Service, Cost and Cash by Bram Desmet Pre Order",jif06207@slideshare.net(jif06207),2019-03-31T02:33:00.000+03:00,slideshare.net,https://cdn.slidesharecdn.com/ss_thumbnails/download-supply-chain-strategy-and-190330233312-thumbnail-4.jpg?cb=1553988816,https://www.slideshare.net/jif06207/download-supply-chain-strategy-and-financial-metrics-the-supply-chain-triangle-of-service-cost-and-cash-by-bram-desmet-pre-order-138885495
Download [PDF] A Field Guide to Identifying Woods in American Antiques & Collectibles by R Bruce Hoadley Ebook Download,jmarsaf@slideshare.net(jmarsaf),2019-03-31T02:33:00.000+03:00,slideshare.net,https://cdn.slidesharecdn.com/ss_thumbnails/download-pdf-a-field-guide-to-190330233308-thumbnail-4.jpg?cb=1553988817,https://www.slideshare.net/jmarsaf/download-pdf-a-field-guide-to-identifying-woods-in-american-antiques-collectibles-by-r-bruce-hoadley-ebook-download-138885493
Fender American Stratocaster Electric Guitar – Black… : Music Deal Finder,,2019-03-30T03:00:00.000+03:00,musicdealfinder.com,https://s0.wp.com/i/blank.jpg,https://www.musicdealfinder.com/electric-guitars/fender-american-stratocaster-electric-guitar-black/
Couple Arrested After Allegedly Having Some Brief Public Sex on a Ferris Wheel in Front of Children,Colin Kalmbacher,2019-03-31T02:14:00.000+03:00,lawandcrime.com,https://lawandcrime.com/wp-content/uploads/2019/03/Heavy-Petting-Zoo.jpg,https://lawandcrime.com/awkward/couple-arrested-after-allegedly-having-some-brief-public-sex-on-a-ferris-wheel-in-front-of-children/
VIZIO PQ65-F1 Quantum 65-inch 4K HDR Smart TV + $350 Dell GC for 1599.99,,2019-03-31T03:30:00.000+03:00,dealsofamerica.com,https://scene7.samsclub.com/is/image/samsclub/0084522601686_A?wid=200&hei=200,https://www.dealsofamerica.com/VIZIO-PQ65-F1-Quantum-65-inch-4K-HDR-Smart-TV/436482.htm
Star Wars: X-Wing Upsilon-class Shuttle for 6.28,,2019-03-31T01:50:00.000+03:00,dealsofamerica.com,https://images-na.ssl-images-amazon.com/images/I/31O71Vmn8%2BL._AA200_.jpg,https://www.dealsofamerica.com/Star-Wars--X-Wing-Upsilon-class-Shuttle/461967.htm
New ACEC-BC president looks to build on the good work of her predecessor - constructconnect.com,,2019-03-30T20:37:00.000+03:00,constructconnect.com,https://canada.constructconnect.com/app/uploads/2019/03/MORE-NEWS-ACEC-BC-new-president-e1552409608857.jpg,https://canada.constructconnect.com/joc/news/associations/2019/03/new-acec-bc-president-looks-build-good-work-predecessor
Sonos %26 Sonance Outdoor Speaker Streaming Audio Bundle for 649.98,,2019-03-31T01:29:00.000+03:00,dealsofamerica.com,https://pisces.bbystatic.com/image2//BestBuy_US/images/products/6196/6196623_sd.jpg;canvasHeight=200;canvasWidth=200,https://www.dealsofamerica.com/Sonos--Sonance-Outdoor-Speaker-Streaming-Audio-Bundle/428857.htm
6.5-in Hoverboard Bluetooth Speaker LED STAR FLASHING WHEELS Scooter for 117.00,,2019-03-31T01:23:00.000+03:00,dealsofamerica.com,https://i5.walmartimages.com/asr/d51322d2-1361-4e65-bd1e-18e12530e9bd_1.5ec60bd06c8aa30ffdebf3d7dda13554.jpeg?odnHeight=200&odnWidth=200&odnBg=FFFFFF,https://www.dealsofamerica.com/OXA-Hoverboard-Self-Balancing-HoverBoard/410923.htm
Jonathan McReynolds wins big at Stellar Gospel Music Awards,Associated Press,2019-03-31T01:54:00.000+03:00,reddeeradvocate.com,https://www.reddeeradvocate.com/wp-content/uploads/2019/03/16195612_web1_NY116-1011_2016_213659.jpg,https://www.reddeeradvocate.com/entertainment/jonathan-mcreynolds-wins-big-at-stellar-gospel-music-awards/
Movie Review: ‘The Mustang’ is a moving story about friendship and freedom,"Ed Symkus, Daily News Correspondent",2019-03-31T01:33:00.000+03:00,wickedlocal.com,https://chelmsford.wickedlocal.com/storyimage/WL/20190330/ENTERTAINMENTLIFE/190339795/AR/0/AR-190339795.jpg,https://chelmsford.wickedlocal.com/entertainmentlife/20190330/movie-review-the-mustang-is-moving-story-about-friendship-and-freedom
Britain faces calls for unity govt amid Brexit impasse,Associated Press,2019-03-31T01:54:00.000+03:00,reddeeradvocate.com,https://www.reddeeradvocate.com/wp-content/uploads/2019/03/16195607_web1_TH183-329_2019_160957.jpg,https://www.reddeeradvocate.com/business/britain-faces-calls-for-unity-govt-amid-brexit-impasse/
Movie review: 'Dumbo' never gets off the ground,Dana Barbuto,2019-03-28T20:05:00.000+02:00,wickedlocal.com,https://chelmsford.wickedlocal.com/storyimage/WL/20190328/ENTERTAINMENTLIFE/190327162/AR/0/AR-190327162.jpg,https://chelmsford.wickedlocal.com/entertainmentlife/20190328/movie-review-dumbo-never-gets-off-ground
Judge restores Obama-era drilling ban in Arctic,Associated Press,2019-03-31T01:53:00.000+03:00,reddeeradvocate.com,https://www.reddeeradvocate.com/wp-content/uploads/2019/03/16195601_web1_NY114-118_2019_000940.jpg,https://www.reddeeradvocate.com/business/judge-restores-obama-era-drilling-ban-in-arctic/
What is a schedule K-1 tax form&quest;,,2019-03-30T20:37:00.000+03:00,bignewsnetwork.com,https://o.aolcdn.com/images/dims3/GLOB/crop/4966x3256+0+232/resize/1028x675!/format/jpg/quality/85/https%3A%2F%2Fs.yimg.com%2Fos%2Fcreatr-images%2F2019-03%2F91bc4110-44f9-11e9-b39d-d31bfc4f90e0,http://www.bignewsnetwork.com/index.php/nav/rss/href=&amp;quot;https://turbotax.intuit.com/tax-tips/small-business-taxes/what-is-a-schedule-k-1-tax-form/L95lj0sJq
Tens of thousands of Gaza protesters join anniversary march,,2019-03-30T17:17:00.000+03:00,ctvnews.ca,https://www.ctvnews.ca/polopoly_fs/1.4358809.1553953950!/httpImage/image.jpg_gen/derivatives/landscape_620/image.jpg,https://www.ctvnews.ca/world/rockets-from-gaza-strip-hit-israel-4-die-at-border-protest-1.4358807
Catty Shack Ranch expanding facilities,Beaches1,2019-03-30T16:02:00.000+03:00,beachesleader.com,https://www.beachesleader.com/sites/beachesleader.com/files/field/image/scattyshack.jpg,https://www.beachesleader.com/catty-shack-ranch-expanding-facilities
"| Bleacher Report | Latest News, Videos and Highlights",bleacherreport.com,2019-03-31T07:27:00.000+03:00,bleacherreport.com,https://static-assets.bleacherreport.com/img/br_630_height.png,https://bleacherreport.com/watford-fc-vs-manchester-united-2019-3-30
